timeStamp,elapsed,label,responseCode,responseMessage,threadName,dataType,success,failureMessage,bytes,sentBytes,grpThreads,allThreads,URL,Latency,IdleTime,Connect
1712144177554,728,HTTP Request,200,Ok,Thread Group 1-1,text,true,,14691,899,2,2,https://images.yandex.ru/showcaptcha?cc=1&mt=D296C2820FD6F9AC1518735DF4FA94769D1083BA9CDD5321B03AE2EEDCC9B727514FE2A22EF23F2BEA6C6F8B6A1F4D9D58D30E292D089AC956371A2408519DE406CF0AD57094772323FDBA952D2BCE6762B43C0479283412C5151CB6927D654BD7ABD10B6770CC45ACD2B39ECF43FD5BA1B7EDE9E7AFC322FC3E497C55EEAB0D19B03034E11F6D313A6B239B105CFF6B68F80B45A643DF68AE1422EF39EF94ECEF1C2F5D360199AF4717923BBCC7BF705A05A944FC4B728E20A86F71B5FF36CA4C528B1C3913395BC1D96485FF75C15B716D1162939C5B505E1E842306&retpath=aHR0cHM6Ly9pbWFnZXMueWFuZGV4LnJ1Lz8%2C_e8fae545b1da477333d0af0d30e299d6&t=2/1712144178/c0b7482084c2af23866bf4354c7964bf&u=f3a91511-1bc5e248-4fe23651-ad040d6f&s=927c9c8ab902e9c710fda24cb384253e,623,0,590
1712144177554,623,HTTP Request-0,302,Moved temporarily,Thread Group 1-1,,true,,1417,118,2,2,https://images.yandex.ru/,623,0,590
1712144178177,105,HTTP Request-1,200,Ok,Thread Group 1-1,text,true,,13274,781,2,2,https://images.yandex.ru/showcaptcha?cc=1&mt=D296C2820FD6F9AC1518735DF4FA94769D1083BA9CDD5321B03AE2EEDCC9B727514FE2A22EF23F2BEA6C6F8B6A1F4D9D58D30E292D089AC956371A2408519DE406CF0AD57094772323FDBA952D2BCE6762B43C0479283412C5151CB6927D654BD7ABD10B6770CC45ACD2B39ECF43FD5BA1B7EDE9E7AFC322FC3E497C55EEAB0D19B03034E11F6D313A6B239B105CFF6B68F80B45A643DF68AE1422EF39EF94ECEF1C2F5D360199AF4717923BBCC7BF705A05A944FC4B728E20A86F71B5FF36CA4C528B1C3913395BC1D96485FF75C15B716D1162939C5B505E1E842306&retpath=aHR0cHM6Ly9pbWFnZXMueWFuZGV4LnJ1Lz8%2C_e8fae545b1da477333d0af0d30e299d6&t=2/1712144178/c0b7482084c2af23866bf4354c7964bf&u=f3a91511-1bc5e248-4fe23651-ad040d6f&s=927c9c8ab902e9c710fda24cb384253e,103,0,0
1712144178456,134,HTTP Request,200,Ok,Thread Group 1-2,text,true,,14689,899,2,2,https://video.yandex.ru/showcaptcha?cc=1&mt=7F471B91118E90461460694CC8EAC1EC282F7E250D229ABD3414BE2059374D4E86A5DF5DC203CE1796A3AFD834BC161BA3AB54EAA673B54A1A81DA3587B9146D6A128D3730EBCD5BBCA5280F35B16BB77A0DD1331F6A62877FCD228C52F7D1B6030AC814800A95241E407FBF06DCF4551E54E04E055CC397530B2D98A738C9FE9F399C7F5A92BFE6891662A74871DAA87924C4FDCD2ECB0197671A147A76BBE4151722DAAD81780B1343E02E21BFC9C84DBBCCDDA95CCC476608940F4414FC8D108190A9F68A6D68F434EDF88BBF1A0D27AE0CF2C168B2240F8894BD85&retpath=aHR0cHM6Ly92aWRlby55YW5kZXgucnUvPw%2C%2C_abe0e805592188bfa9cf7920c27467ce&t=2/1712144178/0c71b889199534bb54b9f0e369dba5f5&u=9cfe7e3b-260df146-5f150c57-e1468050&s=4ed7d137c45169aea981f0e778d5838e,69,0,51
1712144178456,69,HTTP Request-0,302,Moved temporarily,Thread Group 1-2,,true,,1416,117,2,2,https://video.yandex.ru/,69,0,51
1712144178525,65,HTTP Request-1,200,Ok,Thread Group 1-2,text,true,,13273,782,2,2,https://video.yandex.ru/showcaptcha?cc=1&mt=7F471B91118E90461460694CC8EAC1EC282F7E250D229ABD3414BE2059374D4E86A5DF5DC203CE1796A3AFD834BC161BA3AB54EAA673B54A1A81DA3587B9146D6A128D3730EBCD5BBCA5280F35B16BB77A0DD1331F6A62877FCD228C52F7D1B6030AC814800A95241E407FBF06DCF4551E54E04E055CC397530B2D98A738C9FE9F399C7F5A92BFE6891662A74871DAA87924C4FDCD2ECB0197671A147A76BBE4151722DAAD81780B1343E02E21BFC9C84DBBCCDDA95CCC476608940F4414FC8D108190A9F68A6D68F434EDF88BBF1A0D27AE0CF2C168B2240F8894BD85&retpath=aHR0cHM6Ly92aWRlby55YW5kZXgucnUvPw%2C%2C_abe0e805592188bfa9cf7920c27467ce&t=2/1712144178/0c71b889199534bb54b9f0e369dba5f5&u=9cfe7e3b-260df146-5f150c57-e1468050&s=4ed7d137c45169aea981f0e778d5838e,65,0,0
1712144178974,227,HTTP Request,200,Ok,Thread Group 1-1,text,true,,14661,888,3,3,https://maps.yandex.ru/showcaptcha?cc=1&mt=B312044EE4090D9F07617ABDFA0BC0CFF857CCB620CCD5181CE110BD56D2546BDFAF938B90A6DE675DE3E0FDA1BA4AFEF4598E4087AF8ECC0486039D0874FE11352EB1B43CADF14E77BB5D4477746246040BF4A3C5EF2342E56639B54FA8A982D53AC50338A79E77D35261771558BEE830DD9F1BAD962331BA24A45293C57613A321ED8E89933353E9DE845FD56A4571C00080E437EA26A0DDEDBDD47BEA4544B088B18F03C4AAEA1CD21FF991540F1A5D63E30EA7F02789E5D363007A33AC6624F6209AC15192BCCFD970B868BB7870B9244A5540FBFA2ED2D7F6071D&retpath=aHR0cHM6Ly9tYXBzLnlhbmRleC5ydS8__ec3eb6033c0df544e780bf7fa34d0b65&t=2/1712144179/6781e340d45dcc61000a6283f013cf07&u=1051ffd2-9576c43-5ecf333c-96ed153a&s=cc9b7a1847a49fc0a093554b60534712,77,0,56
1712144178974,77,HTTP Request-0,302,Moved temporarily,Thread Group 1-1,,true,,1407,116,3,3,https://maps.yandex.ru/,77,0,56
1712144179052,149,HTTP Request-1,200,Ok,Thread Group 1-1,text,true,,13254,772,3,3,https://maps.yandex.ru/showcaptcha?cc=1&mt=B312044EE4090D9F07617ABDFA0BC0CFF857CCB620CCD5181CE110BD56D2546BDFAF938B90A6DE675DE3E0FDA1BA4AFEF4598E4087AF8ECC0486039D0874FE11352EB1B43CADF14E77BB5D4477746246040BF4A3C5EF2342E56639B54FA8A982D53AC50338A79E77D35261771558BEE830DD9F1BAD962331BA24A45293C57613A321ED8E89933353E9DE845FD56A4571C00080E437EA26A0DDEDBDD47BEA4544B088B18F03C4AAEA1CD21FF991540F1A5D63E30EA7F02789E5D363007A33AC6624F6209AC15192BCCFD970B868BB7870B9244A5540FBFA2ED2D7F6071D&retpath=aHR0cHM6Ly9tYXBzLnlhbmRleC5ydS8__ec3eb6033c0df544e780bf7fa34d0b65&t=2/1712144179/6781e340d45dcc61000a6283f013cf07&u=1051ffd2-9576c43-5ecf333c-96ed153a&s=cc9b7a1847a49fc0a093554b60534712,149,0,0
1712144179148,225,HTTP Request,200,Ok,Thread Group 1-2,text,true,,14811,897,2,2,https://games.yandex.ru/showcaptcha?cc=1&mt=D9E0D088EBE8053984E1EFEE955291CD4CC3383F397AEAFD500C27B961E5E25B957040BE0B5D0589CEE22CD4C1745E53FEDF26DC61BF1A75307CFCE6FBE0D4097E576A86B61C4EEE59085621B40DEE2B4902A932217679F86252E706BF9A6D1E04F6F6633698BA0E9757FCE128144F230A757875D1A6248D3DC74811F50B7631EC0601A9D391879D5533C0452EEFB968A241E6AEF5AC07538C15E48375E205CA4A5637248E5D56F65FC85A96A897985D770690DCB67CC0C212CD07F850A8154DDE8D5A99819B733B16807624AB09B5B59C9A96E7434EBA601C502DAED4&retpath=aHR0cHM6Ly9nYW1lcy55YW5kZXgucnUvPw%2C%2C_ad352ed9770239ee20b6cccef8352d8b&t=2/1712144179/8142ffd969859b5f885a74f6ae99a917&u=8c2b77d-b271b357-88c6eef-4ad755b6&s=20d658cdb84e8b942131ba31bc79c2e8,169,0,140
1712144179148,169,HTTP Request-0,302,Moved temporarily,Thread Group 1-2,,true,,1596,117,2,2,https://games.yandex.ru/,169,0,140
1712144179318,55,HTTP Request-1,200,Ok,Thread Group 1-2,text,true,,13215,780,2,2,https://games.yandex.ru/showcaptcha?cc=1&mt=D9E0D088EBE8053984E1EFEE955291CD4CC3383F397AEAFD500C27B961E5E25B957040BE0B5D0589CEE22CD4C1745E53FEDF26DC61BF1A75307CFCE6FBE0D4097E576A86B61C4EEE59085621B40DEE2B4902A932217679F86252E706BF9A6D1E04F6F6633698BA0E9757FCE128144F230A757875D1A6248D3DC74811F50B7631EC0601A9D391879D5533C0452EEFB968A241E6AEF5AC07538C15E48375E205CA4A5637248E5D56F65FC85A96A897985D770690DCB67CC0C212CD07F850A8154DDE8D5A99819B733B16807624AB09B5B59C9A96E7434EBA601C502DAED4&retpath=aHR0cHM6Ly9nYW1lcy55YW5kZXgucnUvPw%2C%2C_ad352ed9770239ee20b6cccef8352d8b&t=2/1712144179/8142ffd969859b5f885a74f6ae99a917&u=8c2b77d-b271b357-88c6eef-4ad755b6&s=20d658cdb84e8b942131ba31bc79c2e8,54,0,0
1712144179317,834,HTTP Request,200,OK,Thread Group 1-3,text,true,,24499,232,2,2,https://yandex.ru/tune/,419,0,390
1712144179317,419,HTTP Request-0,302,Found,Thread Group 1-3,text,true,,283,116,2,2,https://tune.yandex.ru/,419,0,390
1712144179737,414,HTTP Request-1,200,OK,Thread Group 1-3,text,true,,24216,116,2,2,https://yandex.ru/tune/,413,0,347
1712144180324,154,HTTP Request,200,Ok,Thread Group 1-4,text,true,,14684,899,2,2,https://images.yandex.ru/showcaptcha?cc=1&mt=F3FFA48ABD737251A7F8FE0013385A96B5D3D5D96EB91041E67271CA21CA68B00DC9CAD058F9B5EDF63A0EDB59CF5E9E7B79ACA8D906754535616D8692EB6AE622EE56B85D16588445ABC14FC978ED6BFF61E4CDCC9CBDEA1B8F3042AF609105389C4D3E54B743B632494079556D3C67983D1D09FD4DC9C8FFA044BACA9511014D0CC3BB3BF91B2AC7811E1AF0C54F572090C7B970603FF8502209CCCCB34065D273BDB0E7CB9ACD06CED8603B8ADE05D16575B7F3B7ED2D548A767F22FC5AE16A101D734857CF7A104074A4440D06CAD271B758E9B932D0A02EBCDA92&retpath=aHR0cHM6Ly9pbWFnZXMueWFuZGV4LnJ1Lz8%2C_e8fae545b1da477333d0af0d30e299d6&t=2/1712144180/ef664cedc7f81458d76dfb116f63e9a3&u=d2c6aa37-fc5a1ca0-5653435a-12bff201&s=f977029ae383de79ddb86d843b173105,87,0,64
1712144180324,87,HTTP Request-0,302,Moved temporarily,Thread Group 1-4,,true,,1414,118,2,2,https://images.yandex.ru/,87,0,64
1712144180411,67,HTTP Request-1,200,Ok,Thread Group 1-4,text,true,,13270,781,2,2,https://images.yandex.ru/showcaptcha?cc=1&mt=F3FFA48ABD737251A7F8FE0013385A96B5D3D5D96EB91041E67271CA21CA68B00DC9CAD058F9B5EDF63A0EDB59CF5E9E7B79ACA8D906754535616D8692EB6AE622EE56B85D16588445ABC14FC978ED6BFF61E4CDCC9CBDEA1B8F3042AF609105389C4D3E54B743B632494079556D3C67983D1D09FD4DC9C8FFA044BACA9511014D0CC3BB3BF91B2AC7811E1AF0C54F572090C7B970603FF8502209CCCCB34065D273BDB0E7CB9ACD06CED8603B8ADE05D16575B7F3B7ED2D548A767F22FC5AE16A101D734857CF7A104074A4440D06CAD271B758E9B932D0A02EBCDA92&retpath=aHR0cHM6Ly9pbWFnZXMueWFuZGV4LnJ1Lz8%2C_e8fae545b1da477333d0af0d30e299d6&t=2/1712144180/ef664cedc7f81458d76dfb116f63e9a3&u=d2c6aa37-fc5a1ca0-5653435a-12bff201&s=f977029ae383de79ddb86d843b173105,67,0,0
1712144180644,127,HTTP Request,200,Ok,Thread Group 1-3,text,true,,14683,898,2,2,https://video.yandex.ru/showcaptcha?cc=1&mt=09A19A95BB303E6C2DCE22AD88AD2C885F5577E6F055E55FB9CF73A3DCED9083F82DDE984895E9244B18B226407974E5FAAFC9CADBD3A710B24337294C8D1610AC9678C1E1AE4D779E1A13C32B99EA1471A41B85880D7F314D7FE4BB9C4445E57458F1494A20E50698586C994146D6D0189DED30AA27B9905620BB40A21A016D184612F817748502280F253F4D20AA592F58394DEA91963E93E63C784327479028AD325F12AEDCDBE8E891DFC5167C8AFCF9F0CEFA965C387FD08F6E839D18A4EAEE791B8D11295744B3E6EAAD3BD64CEAAA9F18ED32A3A4E6E5DB35B1&retpath=aHR0cHM6Ly92aWRlby55YW5kZXgucnUvPw%2C%2C_abe0e805592188bfa9cf7920c27467ce&t=2/1712144180/592c1b58da37950b4c8f49ebf0a41109&u=9c94305-f56b6bfd-88603be0-b718cc64&s=c2f5d039927540861b0ce7cd49d2dcc4,65,0,47
1712144180644,65,HTTP Request-0,302,Moved temporarily,Thread Group 1-3,,true,,1414,117,2,2,https://video.yandex.ru/,65,0,47
1712144180709,62,HTTP Request-1,200,Ok,Thread Group 1-3,text,true,,13269,781,2,2,https://video.yandex.ru/showcaptcha?cc=1&mt=09A19A95BB303E6C2DCE22AD88AD2C885F5577E6F055E55FB9CF73A3DCED9083F82DDE984895E9244B18B226407974E5FAAFC9CADBD3A710B24337294C8D1610AC9678C1E1AE4D779E1A13C32B99EA1471A41B85880D7F314D7FE4BB9C4445E57458F1494A20E50698586C994146D6D0189DED30AA27B9905620BB40A21A016D184612F817748502280F253F4D20AA592F58394DEA91963E93E63C784327479028AD325F12AEDCDBE8E891DFC5167C8AFCF9F0CEFA965C387FD08F6E839D18A4EAEE791B8D11295744B3E6EAAD3BD64CEAAA9F18ED32A3A4E6E5DB35B1&retpath=aHR0cHM6Ly92aWRlby55YW5kZXgucnUvPw%2C%2C_abe0e805592188bfa9cf7920c27467ce&t=2/1712144180/592c1b58da37950b4c8f49ebf0a41109&u=9c94305-f56b6bfd-88603be0-b718cc64&s=c2f5d039927540861b0ce7cd49d2dcc4,62,0,0
1712144180909,115,HTTP Request,200,Ok,Thread Group 1-4,text,true,,14667,889,2,2,https://maps.yandex.ru/showcaptcha?cc=1&mt=2CE49F2C17D1D01423563094AB92EAB5F2B2CCDA61EAF03A22466465BDEC785290B90FFCECD88B45099407DEE3DD3BBBE212732D56EB1B21B92D211CE46B553987B809CB73968F539AB15978DFA323F5077A07A4495C661E55C7D958C7747A4B32F6546745DE90A8DF301AF609F7B8D2DE25AF5C4FCC3496827F72DC12A45EDB9C45509EA112CDB2E157D357A7227C4FADC039A8DC2C6A38ACB20023F519CC8189FB63F77F193EBF6AE347889C0DEEB539396EA622E80E471E7A262948360CC91B013B5273DB785233DC0DAE7F4D72212E5EE915DB926E2DEB5BCB866F&retpath=aHR0cHM6Ly9tYXBzLnlhbmRleC5ydS8__ec3eb6033c0df544e780bf7fa34d0b65&t=2/1712144180/9c3d6687d536df94afb979ffbefa5bc2&u=2e031bf9-15b82eab-3f6b5399-aa294af8&s=8b06dea4eca31554bc700483e2e6da18,61,0,45
1712144180909,61,HTTP Request-0,302,Moved temporarily,Thread Group 1-4,,true,,1411,116,2,2,https://maps.yandex.ru/,61,0,45
1712144180971,53,HTTP Request-1,200,Ok,Thread Group 1-4,text,true,,13256,773,2,2,https://maps.yandex.ru/showcaptcha?cc=1&mt=2CE49F2C17D1D01423563094AB92EAB5F2B2CCDA61EAF03A22466465BDEC785290B90FFCECD88B45099407DEE3DD3BBBE212732D56EB1B21B92D211CE46B553987B809CB73968F539AB15978DFA323F5077A07A4495C661E55C7D958C7747A4B32F6546745DE90A8DF301AF609F7B8D2DE25AF5C4FCC3496827F72DC12A45EDB9C45509EA112CDB2E157D357A7227C4FADC039A8DC2C6A38ACB20023F519CC8189FB63F77F193EBF6AE347889C0DEEB539396EA622E80E471E7A262948360CC91B013B5273DB785233DC0DAE7F4D72212E5EE915DB926E2DEB5BCB866F&retpath=aHR0cHM6Ly9tYXBzLnlhbmRleC5ydS8__ec3eb6033c0df544e780bf7fa34d0b65&t=2/1712144180/9c3d6687d536df94afb979ffbefa5bc2&u=2e031bf9-15b82eab-3f6b5399-aa294af8&s=8b06dea4eca31554bc700483e2e6da18,53,0,0
1712144181358,222,HTTP Request,200,Ok,Thread Group 1-5,text,true,,14826,898,1,1,https://games.yandex.ru/showcaptcha?cc=1&mt=8F42A19E68145808C9FE6224AE12B1592E4E612A0E7CA617635A3C8D5C2B9B3A463260E2F00CF3070B59457FC3DC9831FC0E20FC3F96A42079A50A1A5F1B3B5F6AFAF595E92F190DB89D122177C1000FA3A780B57FAE4F25E8A9E3F6286FA273044E1609E24DFBB9065A89A4475B47E6C00D19B141C1A6E01F9A8E33391E389B79895849732E53AFF7EE33181791DC2BC7350E5E3F040EDF7CE6CEA6F2AE86D07FE9597F5BF19029BC11113B59A62FBF35A39AD074391E1A9F6DD93E148E012097B94D0D2391CA8A542ED5598EFA730B1B75556541645470768DA127B6&retpath=aHR0cHM6Ly9nYW1lcy55YW5kZXgucnUvPw%2C%2C_ad352ed9770239ee20b6cccef8352d8b&t=2/1712144181/852edadd546dd41821250ebab9c48d68&u=4b8a50d5-b84b9e1-5fbc8783-a7fe401e&s=d342f1172668d49d9eb7274ebdf29781,139,0,110
1712144181358,139,HTTP Request-0,302,Moved temporarily,Thread Group 1-5,,true,,1601,117,1,1,https://games.yandex.ru/,139,0,110
1712144181498,82,HTTP Request-1,200,Ok,Thread Group 1-5,text,true,,13225,781,1,1,https://games.yandex.ru/showcaptcha?cc=1&mt=8F42A19E68145808C9FE6224AE12B1592E4E612A0E7CA617635A3C8D5C2B9B3A463260E2F00CF3070B59457FC3DC9831FC0E20FC3F96A42079A50A1A5F1B3B5F6AFAF595E92F190DB89D122177C1000FA3A780B57FAE4F25E8A9E3F6286FA273044E1609E24DFBB9065A89A4475B47E6C00D19B141C1A6E01F9A8E33391E389B79895849732E53AFF7EE33181791DC2BC7350E5E3F040EDF7CE6CEA6F2AE86D07FE9597F5BF19029BC11113B59A62FBF35A39AD074391E1A9F6DD93E148E012097B94D0D2391CA8A542ED5598EFA730B1B75556541645470768DA127B6&retpath=aHR0cHM6Ly9nYW1lcy55YW5kZXgucnUvPw%2C%2C_ad352ed9770239ee20b6cccef8352d8b&t=2/1712144181/852edadd546dd41821250ebab9c48d68&u=4b8a50d5-b84b9e1-5fbc8783-a7fe401e&s=d342f1172668d49d9eb7274ebdf29781,82,0,0
1712144182278,133,HTTP Request,200,Ok,Thread Group 1-6,text,true,,14690,899,2,2,https://images.yandex.ru/showcaptcha?cc=1&mt=C92CC21D7E8BAA1A572B52846907B032F60F6BB08949AF526BAA2642073CE716D72EA4940241F9517244A538DA52EDE59F12F248922CA66C3F4A50D8614CC482618CD611DFF1728991CBFA2DF1F1DC36279E22D1D4F68224BF6C91FBE7CF0805300EDE63843EAFE89E2EAD433BEB15FF7800065D8FE334BEAF72924568AE62FB66D5AC7D908377DB95F6DC172D0B89AFC6341520695C9289CA7B1164AF79F552DEC6BFAA6419507124C501EE3C215DFCC1F6870BCCBD296C6F7BB7B34289D84360F447478BDAE8DE3A68943F2CE6B53C704096B0577C044A105B9ADF3C&retpath=aHR0cHM6Ly9pbWFnZXMueWFuZGV4LnJ1Lz8%2C_e8fae545b1da477333d0af0d30e299d6&t=2/1712144182/32944218ede67ade02176d5444323814&u=57509861-5be5ba30-5cf83847-84a26a7f&s=a306ca45ca5f224fd0cc17ee01b13c1b,65,0,47
1712144182278,65,HTTP Request-0,302,Moved temporarily,Thread Group 1-6,,true,,1416,118,2,2,https://images.yandex.ru/,65,0,47
1712144182343,68,HTTP Request-1,200,Ok,Thread Group 1-6,text,true,,13274,781,2,2,https://images.yandex.ru/showcaptcha?cc=1&mt=C92CC21D7E8BAA1A572B52846907B032F60F6BB08949AF526BAA2642073CE716D72EA4940241F9517244A538DA52EDE59F12F248922CA66C3F4A50D8614CC482618CD611DFF1728991CBFA2DF1F1DC36279E22D1D4F68224BF6C91FBE7CF0805300EDE63843EAFE89E2EAD433BEB15FF7800065D8FE334BEAF72924568AE62FB66D5AC7D908377DB95F6DC172D0B89AFC6341520695C9289CA7B1164AF79F552DEC6BFAA6419507124C501EE3C215DFCC1F6870BCCBD296C6F7BB7B34289D84360F447478BDAE8DE3A68943F2CE6B53C704096B0577C044A105B9ADF3C&retpath=aHR0cHM6Ly9pbWFnZXMueWFuZGV4LnJ1Lz8%2C_e8fae545b1da477333d0af0d30e299d6&t=2/1712144182/32944218ede67ade02176d5444323814&u=57509861-5be5ba30-5cf83847-84a26a7f&s=a306ca45ca5f224fd0cc17ee01b13c1b,68,0,0
1712144182337,248,HTTP Request,200,OK,Thread Group 1-5,text,true,,24504,232,2,2,https://yandex.ru/tune/,111,0,76
1712144182337,111,HTTP Request-0,302,Found,Thread Group 1-5,text,true,,284,116,2,2,https://tune.yandex.ru/,111,0,76
1712144182450,135,HTTP Request-1,200,OK,Thread Group 1-5,text,true,,24220,116,2,2,https://yandex.ru/tune/,134,0,43
1712144182927,151,HTTP Request,200,Ok,Thread Group 1-6,text,true,,14681,898,2,2,https://video.yandex.ru/showcaptcha?cc=1&mt=9E6E86D5BEF19B90CD86BE45B069B8908D1B750B9CAD2E525218EAA6A3E919227B370783309890A860458105FF6C7EC24451F06E035D9A6ED87FBBAF0C976CF14A3D8B1E2D2E6F15C88805ADE4B98F48C79D9E79F1F03C3AB305CFD4DF426E18B6AD201E14FC0DC97354E77D79A5D9F775114EE9B5302BB042B6E4FBBA7159B13DD45BA8284D06071FDA3C52AA156111CD7894620304FE2D4797BB601EF60B30D605090336F6CF77D50432D404C04F2F3860B7DE81492E7FF8FF2B69445D29C5573A6FAE2AA1544219A56E3BE08B180E56452E5833EE34E63CD54C85C2&retpath=aHR0cHM6Ly92aWRlby55YW5kZXgucnUvPw%2C%2C_abe0e805592188bfa9cf7920c27467ce&t=2/1712144182/5ad71fc49aad15f7dfea53e2af45085a&u=aab5cdda-bdd0925-ea7f47eb-a55f0aba&s=156666d4ab40ef50973facc44ea31130,83,0,60
1712144182927,83,HTTP Request-0,302,Moved temporarily,Thread Group 1-6,,true,,1419,117,2,2,https://video.yandex.ru/,83,0,60
1712144183010,68,HTTP Request-1,200,Ok,Thread Group 1-6,text,true,,13262,781,2,2,https://video.yandex.ru/showcaptcha?cc=1&mt=9E6E86D5BEF19B90CD86BE45B069B8908D1B750B9CAD2E525218EAA6A3E919227B370783309890A860458105FF6C7EC24451F06E035D9A6ED87FBBAF0C976CF14A3D8B1E2D2E6F15C88805ADE4B98F48C79D9E79F1F03C3AB305CFD4DF426E18B6AD201E14FC0DC97354E77D79A5D9F775114EE9B5302BB042B6E4FBBA7159B13DD45BA8284D06071FDA3C52AA156111CD7894620304FE2D4797BB601EF60B30D605090336F6CF77D50432D404C04F2F3860B7DE81492E7FF8FF2B69445D29C5573A6FAE2AA1544219A56E3BE08B180E56452E5833EE34E63CD54C85C2&retpath=aHR0cHM6Ly92aWRlby55YW5kZXgucnUvPw%2C%2C_abe0e805592188bfa9cf7920c27467ce&t=2/1712144182/5ad71fc49aad15f7dfea53e2af45085a&u=aab5cdda-bdd0925-ea7f47eb-a55f0aba&s=156666d4ab40ef50973facc44ea31130,68,0,0
1712144183351,174,HTTP Request,200,Ok,Thread Group 1-7,text,true,,14642,887,1,1,https://maps.yandex.ru/showcaptcha?cc=1&mt=A7D8056C2BDCED3FF97E22878E6D2E4286AE3D354D77FBF6F9AF1481986A8DF49C552C69B1A51540C21CD751C4AC26DB5EEF3F002107B006DF9042B8E76956DE7D1E439BCE47B56E4D0275C6958855778D0FB07036F7398BEB65C69D34C74599B03F11E618AFE0776BFD5BA0B91A49FD38E1CFC732777A004F07458C78938A54495B4A758451178D70E8ECC05FDE0B7B531CF1B6C43DD568A4CC4F784A5F4338B5CB2ECB419D72336C879F126491D651B4C16E32EBD5491BE90A7F9D14222FEA859FB655487D32EA71B357FC0DC99145D6B94CEBA707009DC7DD45E01E&retpath=aHR0cHM6Ly9tYXBzLnlhbmRleC5ydS8__ec3eb6033c0df544e780bf7fa34d0b65&t=2/1712144183/92b41db7188adc994e32666ef08a9d80&u=716178e-349b1f65-2339980b-82ad737&s=ef1d65c7eb4865eca6a94a7950abdf26,88,0,52
1712144183351,88,HTTP Request-0,302,Moved temporarily,Thread Group 1-7,,true,,1404,116,1,1,https://maps.yandex.ru/,88,0,52
1712144183440,85,HTTP Request-1,200,Ok,Thread Group 1-7,text,true,,13238,771,1,1,https://maps.yandex.ru/showcaptcha?cc=1&mt=A7D8056C2BDCED3FF97E22878E6D2E4286AE3D354D77FBF6F9AF1481986A8DF49C552C69B1A51540C21CD751C4AC26DB5EEF3F002107B006DF9042B8E76956DE7D1E439BCE47B56E4D0275C6958855778D0FB07036F7398BEB65C69D34C74599B03F11E618AFE0776BFD5BA0B91A49FD38E1CFC732777A004F07458C78938A54495B4A758451178D70E8ECC05FDE0B7B531CF1B6C43DD568A4CC4F784A5F4338B5CB2ECB419D72336C879F126491D651B4C16E32EBD5491BE90A7F9D14222FEA859FB655487D32EA71B357FC0DC99145D6B94CEBA707009DC7DD45E01E&retpath=aHR0cHM6Ly9tYXBzLnlhbmRleC5ydS8__ec3eb6033c0df544e780bf7fa34d0b65&t=2/1712144183/92b41db7188adc994e32666ef08a9d80&u=716178e-349b1f65-2339980b-82ad737&s=ef1d65c7eb4865eca6a94a7950abdf26,85,0,0
1712144184223,386,HTTP Request,200,Ok,Thread Group 1-7,text,true,,14831,899,2,2,https://games.yandex.ru/showcaptcha?cc=1&mt=C0FE4237EF472D042DD4C608D63921105C3BAC8C29F1BF9BB95C67200AD19377CB263005629A6A8BC107D8BA097241AD41C3203792419C381E867C4609F5E1E59EB6F4530FDF4FD308AB1461476C1507A10DFB35BE2F13DB0DB3208917A043CDC315AECBC0B5C8B3965903990BA3DB71ED88F64FD519BACCA3D6F15957956F95377C25A9A01628044FC3625FE4A16A9B669821CD852D78AA15D9A9448755D93648E7524D92F280DD9CB3F746077C3617153467EF4429D63BAA646C048052DD4424B67A5BEF07D0E7CB2DD46C18516A2F202BB2F7603565EC40DF2EF7CF&retpath=aHR0cHM6Ly9nYW1lcy55YW5kZXgucnUvPw%2C%2C_ad352ed9770239ee20b6cccef8352d8b&t=2/1712144184/2cb1327a8a2efc4bdb6304ac4309ba60&u=32c7edb4-b0f3c574-a90fd8aa-ec8588fe&s=983d369a03aa402878ee90ca75f3bd98,311,0,284
1712144184223,311,HTTP Request-0,302,Moved temporarily,Thread Group 1-7,,true,,1602,117,2,2,https://games.yandex.ru/,311,0,284
1712144184534,75,HTTP Request-1,200,Ok,Thread Group 1-7,text,true,,13229,782,2,2,https://games.yandex.ru/showcaptcha?cc=1&mt=C0FE4237EF472D042DD4C608D63921105C3BAC8C29F1BF9BB95C67200AD19377CB263005629A6A8BC107D8BA097241AD41C3203792419C381E867C4609F5E1E59EB6F4530FDF4FD308AB1461476C1507A10DFB35BE2F13DB0DB3208917A043CDC315AECBC0B5C8B3965903990BA3DB71ED88F64FD519BACCA3D6F15957956F95377C25A9A01628044FC3625FE4A16A9B669821CD852D78AA15D9A9448755D93648E7524D92F280DD9CB3F746077C3617153467EF4429D63BAA646C048052DD4424B67A5BEF07D0E7CB2DD46C18516A2F202BB2F7603565EC40DF2EF7CF&retpath=aHR0cHM6Ly9nYW1lcy55YW5kZXgucnUvPw%2C%2C_ad352ed9770239ee20b6cccef8352d8b&t=2/1712144184/2cb1327a8a2efc4bdb6304ac4309ba60&u=32c7edb4-b0f3c574-a90fd8aa-ec8588fe&s=983d369a03aa402878ee90ca75f3bd98,75,0,0
1712144184400,413,HTTP Request,200,OK,Thread Group 1-8,text,true,,24498,232,2,2,https://yandex.ru/tune/,310,0,294
1712144184400,310,HTTP Request-0,302,Found,Thread Group 1-8,text,true,,284,116,2,2,https://tune.yandex.ru/,310,0,294
1712144184711,102,HTTP Request-1,200,OK,Thread Group 1-8,text,true,,24214,116,2,2,https://yandex.ru/tune/,102,0,40
1712144185217,209,HTTP Request,200,Ok,Thread Group 1-9,text,true,,14681,898,2,2,https://images.yandex.ru/showcaptcha?cc=1&mt=EDB9CB1E668433EAC2E9795ED61F0E6B5B86C2DE240ABCD77AD0A9B6021D9FB4763AA1DCFC7B5A5571B0107A46B8E6143FCD93E58D73A4A120DDB9278C6D73F073D8C540BD847EF07297A6B786CBF02CC7B8FE534BB509132C3ABBD598E586BBC6268CFFD14795EBE33309CBD756D547FFC5CCBFD9DA89FAB83EC59EE156BE6362AEC1D3D156915E670CAB5479843D396A8246DE4C74408C08EC3CEB04499053498F6F6A71517C632E621C4850B84D392BAAE11234A0F701EC878F91DA62E925197B49C386ECA7B19F2E36CA132FD36C129D5576E0633816BA83F3881E&retpath=aHR0cHM6Ly9pbWFnZXMueWFuZGV4LnJ1Lz8%2C_e8fae545b1da477333d0af0d30e299d6&t=2/1712144185/421f74af3a2c871a63107ca62ef82332&u=dc0b57c-dde1b3f1-a8a2b243-ab314224&s=eb09c2d9312b31cd981f8b1ce6c93d54,83,0,61
1712144185217,83,HTTP Request-0,302,Moved temporarily,Thread Group 1-9,,true,,1419,118,2,2,https://images.yandex.ru/,83,0,61
1712144185300,126,HTTP Request-1,200,Ok,Thread Group 1-9,text,true,,13262,780,2,2,https://images.yandex.ru/showcaptcha?cc=1&mt=EDB9CB1E668433EAC2E9795ED61F0E6B5B86C2DE240ABCD77AD0A9B6021D9FB4763AA1DCFC7B5A5571B0107A46B8E6143FCD93E58D73A4A120DDB9278C6D73F073D8C540BD847EF07297A6B786CBF02CC7B8FE534BB509132C3ABBD598E586BBC6268CFFD14795EBE33309CBD756D547FFC5CCBFD9DA89FAB83EC59EE156BE6362AEC1D3D156915E670CAB5479843D396A8246DE4C74408C08EC3CEB04499053498F6F6A71517C632E621C4850B84D392BAAE11234A0F701EC878F91DA62E925197B49C386ECA7B19F2E36CA132FD36C129D5576E0633816BA83F3881E&retpath=aHR0cHM6Ly9pbWFnZXMueWFuZGV4LnJ1Lz8%2C_e8fae545b1da477333d0af0d30e299d6&t=2/1712144185/421f74af3a2c871a63107ca62ef82332&u=dc0b57c-dde1b3f1-a8a2b243-ab314224&s=eb09c2d9312b31cd981f8b1ce6c93d54,126,0,0
1712144185380,439,HTTP Request,200,Ok,Thread Group 1-8,text,true,,14695,899,3,3,https://video.yandex.ru/showcaptcha?cc=1&mt=9244E2D7743A37D5E060C6C023417ED555093327CBB8684330217D4E517F42EF1F9DB2A2E6106EEA9F79916B19A0CD7CE436EA41F6A6F75C67F4C147F3F208C0AEC341D4D17E250852FA2524BB64811625FC75E3248207DD9B83FD49802F465460A37E5EE309429D15436E01B5326466DD3540895CA72E0E0DAA2DC35F489BF0D6E83B9009F83101D9BEA32691A8EDC48436A3979029B9C341F716ED3EB7ECFF4128D791E0487B6E83131F07E55FD7A58A2BE3C64D1D739821A93CB4C071E9FBDCC6B09FB0414E2C74FBA776F95BDB351EA817554A248F0970D25852CA&retpath=aHR0cHM6Ly92aWRlby55YW5kZXgucnUvPw%2C%2C_abe0e805592188bfa9cf7920c27467ce&t=2/1712144185/c71468a2d18db290e4ed36d3399ee6c3&u=4da6e307-7726d66f-d7c75417-6de6fe7a&s=9f84fd667070f1bfe73575a105425aa1,344,0,311
1712144185380,344,HTTP Request-0,302,Moved temporarily,Thread Group 1-8,,true,,1417,117,3,3,https://video.yandex.ru/,344,0,311
1712144185724,95,HTTP Request-1,200,Ok,Thread Group 1-8,text,true,,13278,782,3,3,https://video.yandex.ru/showcaptcha?cc=1&mt=9244E2D7743A37D5E060C6C023417ED555093327CBB8684330217D4E517F42EF1F9DB2A2E6106EEA9F79916B19A0CD7CE436EA41F6A6F75C67F4C147F3F208C0AEC341D4D17E250852FA2524BB64811625FC75E3248207DD9B83FD49802F465460A37E5EE309429D15436E01B5326466DD3540895CA72E0E0DAA2DC35F489BF0D6E83B9009F83101D9BEA32691A8EDC48436A3979029B9C341F716ED3EB7ECFF4128D791E0487B6E83131F07E55FD7A58A2BE3C64D1D739821A93CB4C071E9FBDCC6B09FB0414E2C74FBA776F95BDB351EA817554A248F0970D25852CA&retpath=aHR0cHM6Ly92aWRlby55YW5kZXgucnUvPw%2C%2C_abe0e805592188bfa9cf7920c27467ce&t=2/1712144185/c71468a2d18db290e4ed36d3399ee6c3&u=4da6e307-7726d66f-d7c75417-6de6fe7a&s=9f84fd667070f1bfe73575a105425aa1,95,0,0
1712144186007,200,HTTP Request,200,Ok,Thread Group 1-9,text,true,,14670,889,2,2,https://maps.yandex.ru/showcaptcha?cc=1&mt=28687DBC0FF55723A837A9C38D6CB149AA523B8D19A6A9D84EA32ED50601351D22DD17A8F2ABBD5ECCAFA8FD24D73721B703A5589F404764510A61A65F7A47A5D40A2FBE9D4F6213200AFB5F2F863C66B1C8DC0A60B5792013B1E874AE53BB41414F90F64D2F5E5370E54775801602D9DEB9A9DB6E4167544FA819770ABDB47FE2845D7ABF6042276468DD7BFE65AADA4F481B8ADBE08650B94B42A5AFD24FC4C92CF896A5F0A690FE4B236B2C946BE1BA458585235F1777194FAC4336756D1681D7932E23F62FCA95807FF87B038FB9E2113865B9A5AF3CE789A5DEC1&retpath=aHR0cHM6Ly9tYXBzLnlhbmRleC5ydS8__ec3eb6033c0df544e780bf7fa34d0b65&t=2/1712144186/bfec6e02bbeab64fa71208dd54bf3f66&u=5287dde1-be04fb5e-27c27490-3437e8d5&s=c6a7ac64e3a32c3f783c20f0c326f9a4,119,0,69
1712144186007,119,HTTP Request-0,302,Moved temporarily,Thread Group 1-9,,true,,1408,116,2,2,https://maps.yandex.ru/,119,0,69
1712144186126,81,HTTP Request-1,200,Ok,Thread Group 1-9,text,true,,13262,773,2,2,https://maps.yandex.ru/showcaptcha?cc=1&mt=28687DBC0FF55723A837A9C38D6CB149AA523B8D19A6A9D84EA32ED50601351D22DD17A8F2ABBD5ECCAFA8FD24D73721B703A5589F404764510A61A65F7A47A5D40A2FBE9D4F6213200AFB5F2F863C66B1C8DC0A60B5792013B1E874AE53BB41414F90F64D2F5E5370E54775801602D9DEB9A9DB6E4167544FA819770ABDB47FE2845D7ABF6042276468DD7BFE65AADA4F481B8ADBE08650B94B42A5AFD24FC4C92CF896A5F0A690FE4B236B2C946BE1BA458585235F1777194FAC4336756D1681D7932E23F62FCA95807FF87B038FB9E2113865B9A5AF3CE789A5DEC1&retpath=aHR0cHM6Ly9tYXBzLnlhbmRleC5ydS8__ec3eb6033c0df544e780bf7fa34d0b65&t=2/1712144186/bfec6e02bbeab64fa71208dd54bf3f66&u=5287dde1-be04fb5e-27c27490-3437e8d5&s=c6a7ac64e3a32c3f783c20f0c326f9a4,81,0,0
1712144186510,298,HTTP Request,200,Ok,Thread Group 1-10,text,true,,14803,896,2,2,https://games.yandex.ru/showcaptcha?cc=1&mt=BCC41DE6D90E50DB8C0DE67009DA0BED94FFB14199967D8E447EE42692EF7A2902EE17235303108CB551E9CD37F4B9802A00A72CD0E940C5A1D7BB7C55C2B796251AF50B34B5E8D2589A00C45901612060149670E605A4145D350273A97D7217D106E7AD3118417E7932D38FED9A969055A1435042118BEBAA85720B2A0ECC9BF5A68AD844A5D5A891A78A5CD5F711C17CA5EDFA2B03874BBE8C336CCFEE363C40EC2A6C3B116C7A0BD4001F331979717C7A542432293C761DA1440B05AA403C30E5B43DF5B94E719123839479519E7D68166E144E5C8F720EF70B81E8&retpath=aHR0cHM6Ly9nYW1lcy55YW5kZXgucnUvPw%2C%2C_ad352ed9770239ee20b6cccef8352d8b&t=2/1712144186/cb1d238f3bff596c62d010b51dd157d4&u=1b162d5-94a44b6-2e24410-5f3c8b8c&s=8911745c09b9870eefbe5e6f8152a17a,185,0,155
1712144186510,185,HTTP Request-0,302,Moved temporarily,Thread Group 1-10,,true,,1595,117,2,2,https://games.yandex.ru/,185,0,155
1712144186696,112,HTTP Request-1,200,Ok,Thread Group 1-10,text,true,,13208,779,2,2,https://games.yandex.ru/showcaptcha?cc=1&mt=BCC41DE6D90E50DB8C0DE67009DA0BED94FFB14199967D8E447EE42692EF7A2902EE17235303108CB551E9CD37F4B9802A00A72CD0E940C5A1D7BB7C55C2B796251AF50B34B5E8D2589A00C45901612060149670E605A4145D350273A97D7217D106E7AD3118417E7932D38FED9A969055A1435042118BEBAA85720B2A0ECC9BF5A68AD844A5D5A891A78A5CD5F711C17CA5EDFA2B03874BBE8C336CCFEE363C40EC2A6C3B116C7A0BD4001F331979717C7A542432293C761DA1440B05AA403C30E5B43DF5B94E719123839479519E7D68166E144E5C8F720EF70B81E8&retpath=aHR0cHM6Ly9nYW1lcy55YW5kZXgucnUvPw%2C%2C_ad352ed9770239ee20b6cccef8352d8b&t=2/1712144186/cb1d238f3bff596c62d010b51dd157d4&u=1b162d5-94a44b6-2e24410-5f3c8b8c&s=8911745c09b9870eefbe5e6f8152a17a,112,0,0
1712144187456,118,HTTP Request,200,Ok,Thread Group 1-10,text,true,,14688,899,2,2,https://images.yandex.ru/showcaptcha?cc=1&mt=0AF5FF38015C2EFC0D935CCD6186AA4F40D25F0A5009CBE6BE79ECF1E6EF8A06DA4BDC8782F8AB26C8C6FCF73E7244DB58C037057BE3F5E186262434FBC384BB5314F22A5D28690ABFA394F0773DF3310AC357900FA4D7AB79134B3810638F1ABDA1EF62A88BE743BA180888B54C6129BC175F40FBBC168FD8057C6D3C8BC8595EEBA1BD37AA0D63414F8EB0FA5F6C8D4F19AD79FAA316A3A5B50CFAFC9579E8A7789C86B430D81D72E799ED0E7492F8E4AFC963A4F92FF05E89BFA4F4EBE649EB70E6D6A04A9A5BB51C7E8BADEAD5ED22FA9108420460DA6270B3DC68&retpath=aHR0cHM6Ly9pbWFnZXMueWFuZGV4LnJ1Lz8%2C_e8fae545b1da477333d0af0d30e299d6&t=2/1712144187/cc7796e3312336a1a6389451592f9668&u=e06d2410-8baf5063-77af7027-a36ebc94&s=03efee27245b5e00e36c9b9f73d6636e,63,0,46
1712144187456,63,HTTP Request-0,302,Moved temporarily,Thread Group 1-10,,true,,1419,118,2,2,https://images.yandex.ru/,63,0,46
1712144187519,55,HTTP Request-1,200,Ok,Thread Group 1-10,text,true,,13269,781,2,2,https://images.yandex.ru/showcaptcha?cc=1&mt=0AF5FF38015C2EFC0D935CCD6186AA4F40D25F0A5009CBE6BE79ECF1E6EF8A06DA4BDC8782F8AB26C8C6FCF73E7244DB58C037057BE3F5E186262434FBC384BB5314F22A5D28690ABFA394F0773DF3310AC357900FA4D7AB79134B3810638F1ABDA1EF62A88BE743BA180888B54C6129BC175F40FBBC168FD8057C6D3C8BC8595EEBA1BD37AA0D63414F8EB0FA5F6C8D4F19AD79FAA316A3A5B50CFAFC9579E8A7789C86B430D81D72E799ED0E7492F8E4AFC963A4F92FF05E89BFA4F4EBE649EB70E6D6A04A9A5BB51C7E8BADEAD5ED22FA9108420460DA6270B3DC68&retpath=aHR0cHM6Ly9pbWFnZXMueWFuZGV4LnJ1Lz8%2C_e8fae545b1da477333d0af0d30e299d6&t=2/1712144187/cc7796e3312336a1a6389451592f9668&u=e06d2410-8baf5063-77af7027-a36ebc94&s=03efee27245b5e00e36c9b9f73d6636e,55,0,0
1712144187363,452,HTTP Request,200,OK,Thread Group 1-11,text,true,,24490,232,2,2,https://yandex.ru/tune/,330,0,303
1712144187363,330,HTTP Request-0,302,Found,Thread Group 1-11,text,true,,284,116,2,2,https://tune.yandex.ru/,330,0,303
1712144187694,121,HTTP Request-1,200,OK,Thread Group 1-11,text,true,,24206,116,2,2,https://yandex.ru/tune/,120,0,47
1712144188342,201,HTTP Request,200,Ok,Thread Group 1-12,text,true,,14691,899,2,2,https://video.yandex.ru/showcaptcha?cc=1&mt=A19ABEC613635CC505462774CF6BD5C9A5110B9EB57C1B298D8D8CC7A675D320BC372EFD53A6D9F30F92CDC4DE9FA3962723799D9D91A35CA4528E614639BC763ACA0C6364A1FEDE715431AD5788C242E8A40A6D3415EF5C0BD04958E30311CF21D4C9D484012F5F2A618A8F8E181D2F965A59934053E648B95EB833693779FCC38D8E34E66A19896445CCD70CD71A9DD5EC91E5B4EE2147B234BEE1371C53A2632CF388D021C46E26C19FD629A37514CD0F323292FF942EA41CE83052246EF4D79050C70C56918DA93F0AB1A62EE8FFF67ECF780ECAF9263DBE306FFB&retpath=aHR0cHM6Ly92aWRlby55YW5kZXgucnUvPw%2C%2C_abe0e805592188bfa9cf7920c27467ce&t=2/1712144188/7bfd18f6b778095d30325a884f54fe11&u=96a35a7a-10d7b533-4faaa019-2c22c47f&s=17061662cdb6a760c55fdad60404aead,80,0,56
1712144188342,80,HTTP Request-0,302,Moved temporarily,Thread Group 1-12,,true,,1420,117,2,2,https://video.yandex.ru/,80,0,56
1712144188423,120,HTTP Request-1,200,Ok,Thread Group 1-12,text,true,,13271,782,2,2,https://video.yandex.ru/showcaptcha?cc=1&mt=A19ABEC613635CC505462774CF6BD5C9A5110B9EB57C1B298D8D8CC7A675D320BC372EFD53A6D9F30F92CDC4DE9FA3962723799D9D91A35CA4528E614639BC763ACA0C6364A1FEDE715431AD5788C242E8A40A6D3415EF5C0BD04958E30311CF21D4C9D484012F5F2A618A8F8E181D2F965A59934053E648B95EB833693779FCC38D8E34E66A19896445CCD70CD71A9DD5EC91E5B4EE2147B234BEE1371C53A2632CF388D021C46E26C19FD629A37514CD0F323292FF942EA41CE83052246EF4D79050C70C56918DA93F0AB1A62EE8FFF67ECF780ECAF9263DBE306FFB&retpath=aHR0cHM6Ly92aWRlby55YW5kZXgucnUvPw%2C%2C_abe0e805592188bfa9cf7920c27467ce&t=2/1712144188/7bfd18f6b778095d30325a884f54fe11&u=96a35a7a-10d7b533-4faaa019-2c22c47f&s=17061662cdb6a760c55fdad60404aead,120,0,0
1712144188420,230,HTTP Request,200,Ok,Thread Group 1-11,text,true,,14661,888,2,2,https://maps.yandex.ru/showcaptcha?cc=1&mt=CFDE69D3D7B67E92839E6D50EC6892B7C76A2FF99DB906F563828E4B7C3CAFF422A0A1080729208786DF72177A59681F8292CBA77EC57412FC31C53630370DA5F17046C3DDA6C724D88FE6C3FE5DF43056412B0103C7CCD510452A219BEB1783386600495336B41C57E0A77CF68BF06FCF4FF9F3DD6BF055401B56654AFCB91683897E64E9E21E16ADDA92A975022E174F95C27A1EADA8779C9BA18896481E308979BE407A7A31A342C510C87BA54381E06412EDBD5C693253CC8775E6EB7402F8C6126687B7ED4EFEBA3ECA8024424ED6659424AF3964F9E8481E3EA3&retpath=aHR0cHM6Ly9tYXBzLnlhbmRleC5ydS8__ec3eb6033c0df544e780bf7fa34d0b65&t=2/1712144188/3f657e7d718f8f8baf087a4aecc69bb3&u=39b51a74-a23f9c2-e84baca1-cf79adb1&s=26ca33a01f282dcf2fe2694b231d0c32,107,0,86
1712144188420,107,HTTP Request-0,302,Moved temporarily,Thread Group 1-11,,true,,1410,116,2,2,https://maps.yandex.ru/,107,0,86
1712144188528,122,HTTP Request-1,200,Ok,Thread Group 1-11,text,true,,13251,772,2,2,https://maps.yandex.ru/showcaptcha?cc=1&mt=CFDE69D3D7B67E92839E6D50EC6892B7C76A2FF99DB906F563828E4B7C3CAFF422A0A1080729208786DF72177A59681F8292CBA77EC57412FC31C53630370DA5F17046C3DDA6C724D88FE6C3FE5DF43056412B0103C7CCD510452A219BEB1783386600495336B41C57E0A77CF68BF06FCF4FF9F3DD6BF055401B56654AFCB91683897E64E9E21E16ADDA92A975022E174F95C27A1EADA8779C9BA18896481E308979BE407A7A31A342C510C87BA54381E06412EDBD5C693253CC8775E6EB7402F8C6126687B7ED4EFEBA3ECA8024424ED6659424AF3964F9E8481E3EA3&retpath=aHR0cHM6Ly9tYXBzLnlhbmRleC5ydS8__ec3eb6033c0df544e780bf7fa34d0b65&t=2/1712144188/3f657e7d718f8f8baf087a4aecc69bb3&u=39b51a74-a23f9c2-e84baca1-cf79adb1&s=26ca33a01f282dcf2fe2694b231d0c32,122,0,0
1712144189171,220,HTTP Request,200,Ok,Thread Group 1-12,text,true,,14834,899,1,1,https://games.yandex.ru/showcaptcha?cc=1&mt=61629F9507C6606C141639CCCCDDAA7009D5A68DE9172BF4DC766F6922D1B6076A3B7DD2CAD43F5E2D94E7C62F5D43DF2567927D09A4B3AA2B8277567985116E6CD640DA190ACE65AE4E8CD4178DEAC4A90BC6903575062B98B251B096626007E9A9284B6B84891FFD7DB7D2FDE8C557920B49C5D5F3F8D211E0FD412294DEC3ACF75DE59B975B7D110896BCCF8EF432A72D19B21BF2C265A9185BFA235DF6713E65B56256A5CA6A78166FD41C6D6E50BECD7E8F7B74DBC314BD87C3DCF694A022F33EB2E533415116642F644014188D3CB1415947F0B3E30A5D06399D&retpath=aHR0cHM6Ly9nYW1lcy55YW5kZXgucnUvPw%2C%2C_ad352ed9770239ee20b6cccef8352d8b&t=2/1712144189/95360e7af5e9e7adf22215c112568cce&u=62125635-d79f59fe-6a81cfce-9254b015&s=9c3b716387d51ea74a3dda1cf3007152,157,0,139
1712144189171,157,HTTP Request-0,302,Moved temporarily,Thread Group 1-12,,true,,1602,117,1,1,https://games.yandex.ru/,157,0,139
1712144189329,62,HTTP Request-1,200,Ok,Thread Group 1-12,text,true,,13232,782,1,1,https://games.yandex.ru/showcaptcha?cc=1&mt=61629F9507C6606C141639CCCCDDAA7009D5A68DE9172BF4DC766F6922D1B6076A3B7DD2CAD43F5E2D94E7C62F5D43DF2567927D09A4B3AA2B8277567985116E6CD640DA190ACE65AE4E8CD4178DEAC4A90BC6903575062B98B251B096626007E9A9284B6B84891FFD7DB7D2FDE8C557920B49C5D5F3F8D211E0FD412294DEC3ACF75DE59B975B7D110896BCCF8EF432A72D19B21BF2C265A9185BFA235DF6713E65B56256A5CA6A78166FD41C6D6E50BECD7E8F7B74DBC314BD87C3DCF694A022F33EB2E533415116642F644014188D3CB1415947F0B3E30A5D06399D&retpath=aHR0cHM6Ly9nYW1lcy55YW5kZXgucnUvPw%2C%2C_ad352ed9770239ee20b6cccef8352d8b&t=2/1712144189/95360e7af5e9e7adf22215c112568cce&u=62125635-d79f59fe-6a81cfce-9254b015&s=9c3b716387d51ea74a3dda1cf3007152,61,0,0
